{"initial_reset_timestamp": 1627744096.445867, "timestamps": [1627744104.16945], "episode_lengths": [300], "episode_rewards": [121.89065467438638], "episode_types": ["t", "t"]}